0,0,0,0,0,0,0,0,0,0,0,0,0,0,0,0,0,0,0,0,0,0,0,0,0,0,0,0,0,0,0,0,0,0,0,0,0,0,0,0,0,0,0,0,0,0,0,0,0,0,0,0,0,0,0,0,0,0,0,0,0,0,0,0,0,0,0,0,0,0,0,0,0,0,0,0,0,0,0,0,0,0,0,0,0,0,0,0,0,0,0,0,0,0,0,0,0,0,0,0,0,0,0,0,0,0,0,0,0,0,0,0,0,0,0,0,0,0,0,0,0,0,0,0,0,0,0,0,0,0
0,0,0,0,0,0,0,0,0,0,0,0,0,0,0,0,0,0,0,0,0,0,0,0,0,0,0,0,0,0,0,0,0,0,0,0,0,0,0,0,0,0,0,0,0,0,0,0,0,0,0,0,0,0,0,0,0,0,0,0,0,0,0,0,0,0,0,0,0,0,0,0,0,0,0,0,0,0,0,0,0,0,0,0,0,0,0,0,0,0,0,0,0,0,0,0,0,0,0,0,0,0,0,0,0,0,0,0,0,0,0,0,0,0,0,0,0,0,0,0,0,0,0,0,0,0,0,0,0,0
0,0,0,0,0,0,0,0,0,0,0,0,0,0,0,0,0,0,0,0,0,0,0,0,0,0,0,0,0,0,0,0,0,0,0,0,0,0,0,0,0,0,0,0,0,0,0,0,0,0,0,0,0,0,0,0,0,0,0,0,0,0,0,0,0,0,0,0,0,0,0,0,0,0,0,0,0,0,0,0,0,0,0,0,0,0,0,0,0,0,0,0,0,0,0,0,0,0,0,0,0,0,0,0,0,0,0,0,0,0,0,0,0,0,0,0,0,0,0,0,0,0,0,0,0,0,0,0,0,0
0,0,0,0,0,0,0,0,0,0,0,0,0,0,0,0,0,0,0,0,0,0,0,0,0,0,0,0,0,0,0,0,0,0,0,0,0,0,0,0,0,0,0,0,0,0,0,0,0,0,0,0,0,0,0,0,0,0,0,0,0,0,0,0,0,0,0,0,0,0,0,0,0,0,0,0,0,0,0,0,0,0,0,0,0,0,0,0,0,0,0,0,0,0,0,0,0,0,0,0,0,0,0,0,0,0,0,0,0,0,0,0,0,0,0,0,0,0,0,0,0,0,0,0,0,0,0,0,0,0
0,0,0,0,0,0,-1,-1,-1,-1,-1,-1,-1,-1,-1,-1,-1,-1,-1,-1,-1,-1,-1,-1,-1,-1,-1,-1,-1,-1,-1,-1,-1,-1,-1,-1,-1,-1,-1,-1,-1,-1,-1,-1,-1,-1,-1,-1,-1,-1,-1,-1,-1,-1,-1,-1,-1,-1,-1,-1,-1,-1,-1,-1,-1,-1,-1,-1,-1,-1,-1,-1,-1,-1,-1,-1,-1,-1,-1,-1,-1,-1,-1,-1,0,0,0,0,0,-1,-1,-1,-1,-1,-1,-1,-1,-1,-1,-1,-1,-1,-1,-1,-1,-1,-1,-1,-1,-1,-1,-1,-1,-1,-1,-1,-1,-1,-1,-1,-1,-1,-1,-1,-1,-1,-1,0,0,0
0,0,0,0,0,0,-1,15,15,15,15,15,15,15,15,15,15,15,15,15,15,15,15,15,15,15,15,15,15,15,-1,17,17,17,17,17,17,17,17,17,17,17,17,17,-1,45,45,45,45,45,45,45,45,45,45,45,45,45,45,45,45,45,45,45,45,45,-1,47,47,47,47,47,47,47,47,47,47,47,-1,48,48,48,48,-1,0,0,0,0,0,-1,48,48,48,48,48,48,48,48,48,48,-1,49,49,49,49,49,49,49,49,49,49,49,-1,43,43,43,43,43,43,43,43,43,43,43,43,43,-1,0,0,0
0,0,0,0,0,0,-1,15,15,15,15,15,15,15,15,15,15,15,15,15,15,15,15,15,15,15,15,15,15,15,-1,17,17,17,17,17,17,17,17,17,17,17,17,17,-1,45,45,45,45,45,45,45,45,45,45,45,45,45,45,45,45,45,45,45,45,45,-1,47,47,47,47,47,47,47,47,47,47,47,-1,48,48,48,48,-1,0,0,0,0,0,-1,48,48,48,48,48,48,48,48,48,48,-1,49,49,49,49,49,49,49,49,49,49,49,-1,43,43,43,43,43,43,43,43,43,43,43,43,43,-1,0,0,0
0,0,0,0,0,0,-1,15,15,15,15,15,15,15,15,15,15,15,15,15,15,15,15,15,15,15,15,15,15,15,-1,17,17,17,17,17,17,17,17,17,17,17,17,17,-1,45,45,45,45,45,45,45,45,45,45,45,45,45,45,45,45,45,45,45,45,45,-1,47,47,47,47,47,47,47,47,47,47,47,-1,48,48,48,48,-1,0,0,0,0,0,-1,48,48,48,48,48,48,48,48,48,48,-1,49,49,49,49,49,49,49,49,49,49,49,-1,43,43,43,43,43,43,43,43,43,43,43,43,43,-1,0,0,0
0,0,0,0,0,0,-1,15,15,15,15,15,15,15,15,15,15,15,15,15,15,15,15,15,15,15,15,15,15,15,-1,17,17,17,17,17,17,17,17,17,17,17,17,17,-1,45,45,45,45,45,45,45,45,45,45,45,45,45,45,45,45,45,45,45,45,45,-1,47,47,47,47,47,47,47,47,47,47,47,-1,48,48,48,48,-1,0,0,0,0,0,-1,48,48,48,48,48,48,48,48,48,48,-1,49,49,49,49,49,49,49,49,49,49,49,-1,43,43,43,43,43,43,43,43,43,43,43,43,43,-1,0,0,0
0,0,0,0,0,0,-1,15,15,15,15,15,15,15,15,15,15,15,15,15,15,15,15,15,15,15,15,15,15,15,-1,17,17,17,17,17,17,17,17,17,17,17,17,17,-1,45,45,45,45,45,45,45,45,45,45,45,45,45,45,45,45,45,45,45,45,45,-1,47,47,47,47,47,47,47,47,47,47,47,-1,48,48,48,48,-1,0,0,0,0,0,-1,48,48,48,48,48,48,48,48,48,48,-1,49,49,49,49,49,49,49,49,49,49,49,-1,43,43,43,43,43,43,43,43,43,43,43,43,43,-1,0,0,0
0,0,0,0,0,0,-1,15,15,15,15,15,15,15,15,15,15,15,15,15,15,15,15,15,15,15,15,15,15,15,-1,17,17,17,17,17,17,17,17,17,17,17,17,17,-1,45,45,45,45,45,45,45,45,45,45,45,45,45,45,45,45,45,45,45,45,45,-1,47,47,47,47,47,47,47,47,47,47,47,-1,48,48,48,48,-1,-1,-1,-1,-1,-1,-1,48,48,48,48,48,48,48,48,48,48,-1,49,49,49,49,49,49,49,49,49,49,49,-1,43,43,43,43,43,43,43,43,43,43,43,43,43,-1,0,0,0
0,0,0,0,0,0,-1,15,15,15,15,15,15,15,15,15,15,15,15,15,15,15,15,15,15,15,15,15,15,15,-1,17,17,17,17,17,17,17,17,17,17,17,17,17,-1,45,45,45,45,45,45,45,45,45,45,45,45,45,45,45,45,45,45,45,45,45,-1,47,47,47,47,47,47,47,47,47,47,47,-1,48,48,48,48,48,48,48,48,48,48,48,48,48,48,48,48,48,48,48,48,48,-1,49,49,49,49,49,49,49,49,49,49,49,-1,43,43,43,43,43,43,43,43,43,43,43,43,43,-1,0,0,0
0,0,0,0,0,0,-1,15,15,15,15,15,15,15,15,15,15,15,15,15,15,15,15,15,15,15,15,15,15,15,-1,17,17,17,17,17,17,17,17,17,17,17,17,17,-1,45,45,45,45,45,45,45,45,45,45,45,45,45,45,45,45,45,45,45,45,45,-1,47,47,47,47,47,47,47,47,47,47,47,-1,48,48,48,48,48,48,48,48,48,48,48,48,48,48,48,48,48,48,48,48,48,-1,49,49,49,49,49,49,49,49,49,49,49,-1,43,43,43,43,43,43,43,43,43,43,43,43,43,-1,0,0,0
0,0,0,0,0,0,-1,15,15,15,15,15,15,15,15,15,15,15,15,15,15,15,15,15,15,15,15,15,15,15,-1,17,17,17,17,17,17,17,17,17,17,17,17,17,-1,-1,-1,-1,-1,-1,-1,-1,-1,-1,-1,-1,-1,-1,-1,-1,-1,-1,-1,-1,-1,-1,-1,47,47,47,47,47,47,47,47,47,47,47,-1,48,48,48,48,48,48,48,48,48,48,48,48,48,-1,-1,-1,-1,-1,-1,-1,-1,-1,49,49,49,49,49,49,49,49,49,49,49,-1,43,43,43,43,43,43,43,43,43,43,43,43,43,-1,0,0,0
0,0,0,0,0,0,-1,15,15,15,15,15,15,15,15,15,15,15,15,15,15,15,15,15,15,15,15,15,15,15,-1,17,17,17,17,17,17,17,17,17,17,17,17,17,-1,46,46,46,46,46,46,46,46,46,46,46,46,46,46,46,46,46,46,46,46,46,-1,47,47,47,47,47,47,47,47,47,47,47,-1,48,48,48,48,48,48,48,48,48,48,48,48,48,-1,49,49,49,49,49,49,49,49,49,49,49,49,49,49,49,49,49,49,49,-1,43,43,43,43,43,43,43,43,43,43,43,43,43,-1,0,0,0
0,0,0,0,0,0,-1,15,15,15,15,15,15,15,15,15,15,15,15,15,15,15,15,15,15,15,15,15,15,15,-1,17,17,17,17,17,17,17,17,17,17,17,17,17,-1,46,46,46,46,46,46,46,46,46,46,46,46,46,46,46,46,46,46,46,46,46,-1,47,47,47,47,47,47,47,47,47,47,47,-1,48,48,48,48,48,48,48,48,48,48,48,48,48,-1,49,49,49,49,49,49,49,49,49,49,49,49,49,49,49,49,49,49,49,-1,43,43,43,43,43,43,43,43,43,43,43,43,43,-1,0,0,0
0,0,0,0,0,0,-1,15,15,15,15,15,15,15,15,15,15,15,15,15,15,15,15,15,15,15,15,15,15,15,-1,17,17,17,17,17,17,17,17,17,17,17,17,17,-1,46,46,46,46,46,46,46,46,46,46,46,46,46,46,46,46,46,46,46,46,46,-1,47,47,47,47,47,47,47,47,47,47,47,-1,48,48,48,48,48,48,48,48,48,48,48,48,48,-1,49,49,49,49,49,49,49,49,49,49,49,49,49,49,49,49,49,49,49,-1,43,43,43,43,43,43,43,43,43,43,43,43,43,-1,0,0,0
0,0,0,0,0,0,-1,15,15,15,15,15,15,15,15,15,15,15,15,15,15,15,15,-1,-1,-1,-1,-1,-1,-1,-1,17,17,17,17,17,17,17,17,17,17,17,17,17,-1,46,46,46,46,46,46,46,46,46,46,46,46,46,46,46,46,46,46,46,46,46,-1,47,47,47,47,47,47,47,47,47,47,47,-1,48,48,48,48,48,48,48,48,48,48,48,48,48,-1,49,49,49,49,49,49,49,49,49,49,49,49,49,49,49,49,49,49,49,-1,43,43,43,43,43,43,43,43,43,43,43,43,43,-1,0,0,0
0,0,0,0,0,0,-1,15,15,15,15,15,15,15,15,15,15,15,15,15,15,15,15,-1,16,16,16,16,16,16,-1,17,17,17,17,17,17,17,17,17,17,17,17,17,-1,46,46,46,46,46,46,46,46,46,46,46,46,46,46,46,46,46,46,46,46,46,-1,47,47,47,47,47,47,47,47,47,47,47,-1,48,48,48,48,48,48,48,48,48,48,48,48,48,-1,49,49,49,49,49,49,49,49,49,49,49,49,49,49,49,49,49,49,49,-1,43,43,43,43,43,43,43,43,43,43,43,43,43,-1,0,0,0
0,0,0,0,0,0,-1,15,15,15,15,15,15,15,15,15,15,15,15,15,15,15,15,-1,16,16,16,16,16,16,-1,17,17,17,17,17,17,17,17,17,17,17,17,17,-1,46,46,46,46,46,46,46,46,46,46,46,46,46,46,46,46,46,46,46,46,46,-1,47,47,47,47,47,47,47,47,47,47,47,-1,48,48,48,48,48,48,48,48,48,48,48,48,48,-1,49,49,49,49,49,49,49,49,49,49,49,49,49,49,49,49,49,49,49,-1,43,43,43,43,43,43,43,43,43,43,43,43,43,-1,0,0,0
0,0,0,0,0,0,-1,15,15,15,15,15,15,15,15,15,15,15,15,15,15,15,15,-1,16,16,16,16,16,16,-1,17,17,17,17,17,17,17,17,17,17,17,17,17,-1,46,46,46,46,46,46,46,46,46,46,46,46,46,46,46,46,46,46,46,46,46,-1,47,47,47,47,47,47,47,47,47,47,47,-1,48,48,48,48,48,48,48,48,48,48,48,48,48,-1,49,49,49,49,49,49,49,49,49,49,49,49,49,49,49,49,49,49,49,-1,43,43,43,43,43,43,43,43,43,43,43,43,43,-1,0,0,0
0,0,0,0,0,0,-1,-1,-1,-1,-1,-1,-1,-1,-1,-1,-1,-1,-1,-1,-1,-1,-1,-1,16,16,16,16,16,16,-1,17,17,17,17,17,17,17,17,17,17,17,17,17,-1,46,46,46,46,46,46,46,46,46,46,46,46,46,46,46,46,46,46,46,46,46,-1,47,47,47,47,47,47,47,47,47,47,47,-1,48,48,48,48,48,48,48,48,48,48,48,48,48,-1,-1,-1,-1,-1,-1,-1,-1,-1,-1,-1,-1,-1,-1,-1,-1,-1,-1,-1,-1,-1,43,43,43,43,43,43,43,43,43,43,43,43,43,-1,0,0,0
0,0,0,0,0,0,-1,16,16,16,16,16,16,16,16,16,16,16,16,16,16,16,16,16,16,16,16,16,16,16,-1,17,17,17,17,17,17,17,17,17,17,17,17,17,-1,46,46,46,46,46,46,46,46,46,46,46,46,46,46,46,46,46,46,46,46,46,-1,47,47,47,47,47,47,47,47,47,47,47,-1,48,48,48,48,48,48,48,48,48,48,48,48,48,-1,44,44,44,44,44,44,44,44,44,44,44,-1,0,0,0,0,0,0,0,-1,43,43,43,43,43,43,43,43,43,43,43,43,43,-1,0,0,0
0,0,0,0,0,0,-1,16,16,16,16,16,16,16,16,16,16,16,16,16,16,16,16,16,16,16,16,16,16,16,-1,17,17,17,17,17,17,17,17,17,17,-1,-1,-1,-1,46,46,46,46,46,46,46,46,46,46,46,46,46,46,46,46,46,46,46,46,46,-1,47,47,47,47,47,47,47,47,47,47,47,-1,48,48,48,48,48,48,48,48,48,48,48,48,48,-1,44,44,44,44,44,44,44,44,44,44,44,-1,0,0,0,0,0,0,0,-1,43,43,43,43,43,43,43,43,43,43,43,43,43,-1,0,0,0
0,0,0,0,0,0,-1,16,16,16,16,16,16,16,16,16,16,16,16,16,16,16,16,16,16,16,16,16,16,16,-1,17,17,17,17,17,17,17,17,17,17,-1,18,18,-1,46,46,46,46,46,46,46,46,46,46,46,46,46,46,46,46,46,46,46,46,46,-1,47,47,47,47,47,47,47,47,47,47,47,-1,48,48,48,48,48,48,48,48,48,48,48,48,48,-1,44,44,44,44,44,44,44,44,44,44,44,-1,0,0,0,0,0,0,0,-1,43,43,43,43,43,43,43,43,43,43,43,43,43,-1,0,0,0
0,0,0,0,0,0,-1,16,16,16,16,16,16,16,16,16,16,16,16,16,16,16,16,16,16,16,16,16,16,16,-1,17,17,17,17,17,17,17,17,17,17,-1,18,18,-1,46,46,46,46,46,46,46,46,46,46,46,46,46,46,46,46,46,46,46,46,46,-1,47,47,47,47,47,47,47,47,47,47,47,-1,48,48,48,48,48,48,48,48,48,48,48,48,48,-1,44,44,44,44,44,44,44,44,44,44,44,-1,0,0,0,0,0,0,0,-1,43,43,43,43,43,43,43,43,43,43,43,43,43,-1,0,0,0
0,0,0,0,0,0,-1,-1,-1,-1,-1,-1,-1,-1,-1,-1,-1,-1,-1,-1,-1,-1,-1,-1,-1,-1,-1,-1,-1,-1,-1,-1,-1,-1,-1,-1,-1,-1,-1,-1,-1,-1,18,18,-1,46,46,46,46,46,46,46,46,46,46,46,46,46,46,46,46,46,46,46,46,46,-1,47,47,47,47,47,47,47,47,47,47,47,-1,48,48,48,48,48,48,48,48,48,48,48,48,48,-1,44,44,44,44,44,44,44,44,44,44,44,-1,0,0,0,0,0,0,0,-1,43,43,43,43,43,43,43,43,43,43,43,43,43,-1,0,0,0
0,0,0,0,0,0,-1,19,19,19,19,19,19,19,19,19,19,19,19,19,19,19,19,19,19,19,-1,18,18,18,18,18,18,18,18,18,18,18,18,18,18,18,18,18,-1,46,46,46,46,46,46,46,46,46,46,46,46,46,46,46,46,46,46,46,46,46,-1,47,47,47,47,47,47,47,47,47,47,47,-1,48,48,48,48,48,48,48,48,48,48,48,48,48,-1,44,44,44,44,44,44,44,44,44,44,44,-1,0,0,0,0,0,0,0,-1,43,43,43,43,43,43,43,43,43,43,43,43,43,-1,0,0,0
0,0,0,0,0,0,-1,19,19,19,19,19,19,19,19,19,19,19,19,19,19,19,19,19,19,19,-1,18,18,18,18,18,18,18,18,18,18,18,18,18,18,18,18,18,-1,46,46,46,46,46,46,46,46,46,46,46,46,46,46,46,46,46,46,46,46,46,-1,47,47,47,47,47,47,47,47,47,47,47,-1,48,48,48,48,48,48,48,48,48,48,48,48,48,-1,44,44,44,44,44,44,44,44,44,44,44,-1,0,0,0,0,0,0,0,-1,43,43,43,43,43,43,43,43,43,43,43,43,43,-1,0,0,0
0,0,0,0,0,0,-1,19,19,19,19,19,19,19,19,19,19,19,19,19,19,19,19,19,19,19,-1,18,18,18,18,18,18,18,18,18,18,18,18,18,18,18,18,18,-1,46,46,46,46,46,46,46,46,46,46,46,46,46,46,46,46,46,46,46,46,46,-1,47,47,47,47,47,47,47,47,47,47,47,-1,48,48,48,48,48,48,48,48,48,48,48,48,48,-1,44,44,44,44,44,44,44,44,44,44,44,-1,0,0,0,0,0,0,0,-1,43,43,43,43,43,43,43,43,43,43,43,43,43,-1,0,0,0
0,0,0,0,0,0,-1,19,19,19,19,19,19,19,19,19,19,19,19,19,19,19,19,19,19,19,-1,18,18,18,18,18,18,18,18,18,18,18,18,18,18,18,18,18,-1,-1,-1,-1,-1,-1,-1,-1,-1,-1,-1,-1,-1,-1,-1,-1,-1,-1,-1,-1,-1,-1,-1,47,47,47,47,47,47,47,47,47,47,47,-1,48,48,48,48,48,48,48,48,48,48,48,48,48,-1,44,44,44,44,44,44,44,44,44,44,44,-1,0,0,0,0,0,0,0,-1,43,43,43,43,43,43,43,43,43,43,43,43,43,-1,0,0,0
0,0,0,0,0,0,-1,19,19,19,19,19,19,19,19,19,19,19,19,19,19,19,19,19,19,19,-1,18,18,18,18,18,18,18,18,18,18,18,18,18,18,18,18,18,-1,0,0,0,0,0,0,-1,10,10,10,10,10,10,10,10,10,10,10,10,10,10,-1,47,47,47,47,47,47,47,47,47,47,47,-1,48,48,48,48,48,48,48,48,48,48,48,48,48,-1,44,44,44,44,44,44,44,44,44,44,44,-1,0,0,0,0,0,0,0,-1,43,43,43,43,43,43,43,43,43,43,43,43,43,-1,0,0,0
0,0,0,0,0,0,-1,19,19,19,19,19,19,19,19,19,19,19,19,19,19,19,19,19,19,19,-1,18,18,18,18,18,18,18,18,18,18,18,18,18,18,18,18,18,-1,0,0,0,0,0,0,-1,10,10,10,10,10,10,10,10,10,10,10,10,10,10,-1,47,47,47,47,47,47,47,47,47,47,47,-1,48,48,48,48,48,48,48,48,48,48,48,48,48,-1,44,44,44,44,44,44,44,44,44,44,44,-1,-1,-1,-1,-1,-1,-1,-1,-1,-1,-1,-1,-1,-1,-1,-1,-1,-1,-1,-1,-1,-1,-1,0,0,0
0,0,0,0,0,0,-1,19,19,19,19,19,19,19,19,19,19,19,19,19,19,-1,-1,-1,-1,-1,-1,-1,-1,-1,-1,-1,18,18,18,18,18,18,18,18,18,18,18,18,-1,0,0,0,0,0,0,-1,10,10,10,10,10,10,10,10,10,10,10,10,10,10,-1,47,47,47,47,47,47,47,47,47,47,47,-1,48,48,48,48,48,48,48,48,48,48,48,48,48,-1,44,44,44,44,44,44,44,44,44,44,44,-1,42,42,42,42,42,42,42,42,42,42,42,42,42,42,42,42,42,42,42,42,42,-1,0,0,0
0,0,0,0,0,0,-1,19,19,19,19,19,19,19,19,19,19,19,19,19,19,-1,0,0,0,0,0,0,0,0,0,-1,18,18,18,18,18,18,18,18,18,18,18,18,-1,0,0,0,0,0,0,-1,10,10,10,10,10,10,10,10,10,10,10,10,10,10,-1,47,47,47,47,47,47,47,47,47,47,47,-1,48,48,48,48,48,48,48,48,48,48,48,48,48,-1,44,44,44,44,44,44,44,44,44,44,44,-1,42,42,42,42,42,42,42,42,42,42,42,42,42,42,42,42,42,42,42,42,42,-1,0,0,0
0,0,0,0,0,0,-1,19,19,19,19,19,19,19,19,19,19,19,19,19,19,-1,0,0,0,0,0,0,0,0,0,-1,18,18,18,18,18,18,18,18,-1,-1,-1,-1,-1,-1,-1,-1,-1,-1,-1,-1,10,10,10,10,10,10,10,10,10,10,10,10,10,10,-1,47,47,47,47,47,47,47,47,47,47,47,-1,48,48,48,48,48,48,48,48,48,48,48,48,48,-1,44,44,44,44,44,44,44,44,44,44,44,-1,42,42,42,42,42,42,42,42,42,42,42,42,42,42,42,42,42,42,42,42,42,-1,0,0,0
0,0,0,0,0,0,-1,19,19,19,19,19,19,19,19,19,19,19,19,19,19,-1,0,0,0,0,0,0,0,0,0,-1,18,18,18,18,18,18,18,18,-1,12,12,12,12,12,12,12,12,12,12,-1,10,10,10,10,10,10,10,10,10,10,10,10,10,10,-1,47,47,47,47,47,47,47,47,47,47,47,-1,48,48,48,48,48,48,48,48,48,48,48,48,48,-1,44,44,44,44,44,44,44,44,44,44,44,-1,42,42,42,42,42,42,42,42,42,42,42,42,42,42,42,42,42,42,42,42,42,-1,0,0,0
0,0,0,0,0,0,-1,19,19,19,19,19,19,19,19,19,19,19,19,19,19,-1,0,0,0,0,0,0,0,0,0,-1,18,18,18,18,18,18,18,18,-1,12,12,12,12,12,12,12,12,12,12,-1,10,10,10,10,10,10,10,10,10,10,10,10,10,10,-1,47,47,47,47,47,47,47,47,47,47,47,-1,48,48,48,48,48,48,48,48,48,48,48,48,48,-1,44,44,44,44,44,44,44,44,44,44,44,-1,42,42,42,42,42,42,42,42,42,42,42,42,42,42,42,42,42,42,42,42,42,-1,0,0,0
0,0,0,0,0,0,-1,19,19,19,19,19,19,19,19,19,19,19,19,19,19,-1,0,0,0,0,0,0,0,0,0,-1,-1,-1,-1,-1,-1,-1,-1,-1,-1,12,12,12,12,12,12,12,12,12,12,-1,10,10,10,10,10,10,10,10,10,10,10,10,10,10,-1,47,47,47,47,47,47,47,47,47,47,47,-1,48,48,48,48,48,48,48,48,48,48,48,48,48,-1,44,44,44,44,44,44,44,44,44,44,44,-1,42,42,42,42,42,42,42,42,42,42,42,42,42,42,42,42,42,42,42,42,42,-1,0,0,0
0,0,0,0,0,0,-1,19,19,19,19,19,19,19,19,19,19,19,19,19,19,-1,0,0,0,0,0,0,0,0,0,0,0,0,0,0,0,0,0,0,-1,12,12,12,12,12,12,12,12,12,12,-1,10,10,10,10,10,10,10,10,10,10,10,10,10,10,-1,47,47,47,47,47,47,47,47,47,47,47,-1,-1,-1,-1,-1,-1,-1,-1,-1,-1,-1,-1,-1,-1,-1,-1,-1,-1,-1,-1,-1,-1,-1,-1,-1,-1,-1,42,42,42,42,42,42,42,42,42,42,42,42,42,42,42,42,42,42,42,42,42,-1,0,0,0
0,0,0,0,0,0,-1,19,19,19,19,19,19,19,19,19,19,19,19,19,19,-1,0,0,0,0,0,0,0,0,0,0,0,0,0,0,0,0,0,0,-1,12,12,12,12,12,12,12,12,12,12,-1,10,10,10,10,10,10,10,10,10,10,10,10,10,10,-1,47,47,47,47,47,47,47,47,47,47,47,-1,50,50,50,50,50,50,50,50,50,50,50,50,50,50,50,50,50,-1,40,40,40,40,40,40,40,-1,42,42,42,42,42,42,42,42,42,42,42,42,42,42,42,42,42,42,42,42,42,-1,0,0,0
0,0,0,0,0,0,-1,19,19,19,19,19,19,19,19,19,19,19,19,19,19,-1,0,0,0,0,0,0,0,0,0,0,0,0,0,0,0,0,0,0,-1,12,12,12,12,12,12,12,12,12,12,-1,10,10,10,10,10,10,10,10,10,10,10,10,10,10,-1,47,47,47,47,47,47,47,47,47,47,47,-1,50,50,50,50,50,50,50,50,50,50,50,50,50,50,50,50,50,-1,40,40,40,40,40,40,40,-1,-1,-1,-1,-1,-1,-1,-1,-1,-1,-1,-1,-1,-1,-1,-1,-1,-1,-1,-1,-1,-1,-1,0,0,0
0,0,0,0,0,0,-1,19,19,19,19,19,19,19,19,19,19,19,19,19,19,-1,0,0,0,0,0,0,0,0,0,0,0,0,0,0,0,0,0,0,-1,12,12,12,12,12,12,12,12,12,12,-1,10,10,10,10,10,10,10,10,10,10,10,10,10,10,-1,47,47,47,47,47,47,47,47,47,47,47,-1,50,50,50,50,50,50,50,50,50,50,50,50,50,50,50,50,50,-1,40,40,40,40,40,40,40,40,40,-1,41,41,41,41,41,41,41,41,41,41,41,41,41,41,41,41,41,41,41,-1,0,0,0
0,0,0,0,0,0,-1,-1,-1,-1,-1,-1,-1,-1,-1,-1,-1,-1,-1,-1,-1,-1,0,0,0,0,0,0,0,0,0,0,0,0,0,0,0,0,0,0,-1,12,12,12,12,12,12,12,12,12,12,-1,10,10,10,10,10,10,10,10,10,10,10,10,10,10,-1,47,47,47,47,47,47,47,47,47,47,47,-1,50,50,50,50,50,50,50,50,50,50,50,50,50,50,50,50,50,-1,40,40,40,40,40,40,40,40,40,-1,41,41,41,41,41,41,41,41,41,41,41,41,41,41,41,41,41,41,41,-1,0,0,0
0,0,0,0,0,0,-1,14,14,14,14,14,14,14,14,14,14,14,14,14,14,-1,0,0,0,0,0,0,0,0,0,0,0,0,0,0,0,0,0,0,-1,12,12,12,12,12,12,12,12,12,12,-1,10,10,10,10,10,10,10,10,10,10,10,10,10,10,-1,-1,-1,-1,-1,-1,-1,-1,-1,-1,-1,-1,-1,50,50,50,50,50,50,50,50,50,50,50,50,50,50,50,50,50,-1,40,40,40,40,40,40,40,40,40,-1,41,41,41,41,41,41,41,41,41,41,41,41,41,41,41,41,41,41,41,-1,0,0,0
0,0,0,0,0,0,-1,14,14,14,14,14,14,14,14,14,14,14,14,14,14,-1,0,0,0,0,0,0,0,0,0,0,0,0,0,0,0,0,0,0,-1,12,12,12,12,12,12,12,12,12,12,-1,10,10,10,10,10,10,10,10,10,10,10,10,10,10,10,10,10,10,10,10,10,10,10,-1,50,50,50,50,50,50,50,50,50,50,50,50,50,50,50,50,50,50,50,50,-1,40,40,40,40,40,40,40,40,40,-1,41,41,41,41,41,41,41,41,41,41,41,41,41,41,41,41,41,41,41,-1,0,0,0
0,0,0,0,0,0,-1,14,14,14,14,14,14,14,14,14,14,14,14,14,14,-1,-1,-1,-1,-1,0,0,0,0,0,0,0,0,0,0,0,0,0,0,-1,12,12,12,12,12,12,12,12,12,12,-1,-1,-1,-1,-1,-1,-1,-1,-1,-1,-1,-1,-1,-1,-1,-1,-1,-1,-1,-1,-1,-1,-1,-1,-1,50,50,50,50,50,50,50,50,50,50,50,50,50,50,50,50,50,50,50,50,-1,40,40,40,40,40,40,40,40,40,-1,41,41,41,41,41,41,41,41,41,41,41,-1,-1,-1,-1,-1,-1,-1,-1,-1,0,0,0
0,0,0,0,0,0,-1,-1,-1,-1,14,14,14,14,14,14,14,14,14,14,14,14,14,14,14,-1,-1,-1,-1,-1,-1,-1,-1,-1,-1,-1,-1,-1,-1,-1,-1,12,12,12,12,12,12,12,12,12,12,-1,11,11,11,11,11,11,11,11,11,11,11,11,11,11,11,11,11,11,11,11,11,11,11,-1,50,50,50,50,50,50,50,50,50,50,50,50,50,50,50,50,50,50,50,50,-1,40,40,40,40,40,40,40,40,40,-1,41,41,41,41,41,41,41,41,41,41,41,-1,0,0,0,0,0,0,0,0,0,0,0
0,0,0,0,0,0,0,0,0,-1,14,14,14,14,14,14,14,14,14,14,14,14,14,14,14,-1,13,13,13,13,13,-1,12,12,12,12,12,12,12,12,12,12,12,12,12,12,12,12,12,12,12,-1,11,11,11,11,11,11,11,11,11,11,11,11,11,11,11,11,11,11,11,11,11,11,11,-1,50,50,50,50,50,50,50,50,50,50,50,50,50,50,50,50,50,50,50,50,-1,40,40,40,40,40,40,40,40,40,-1,41,41,41,41,41,41,41,41,41,41,41,-1,0,0,0,0,0,0,0,0,0,0,0
0,0,0,0,0,0,0,0,0,-1,14,14,14,14,14,14,14,14,14,14,14,14,14,14,14,-1,13,13,13,13,13,-1,12,12,12,12,12,12,12,12,12,12,12,12,12,12,12,12,12,12,12,-1,11,11,11,11,11,11,11,11,11,11,11,11,11,11,11,11,11,11,11,11,11,11,11,-1,50,50,50,50,50,50,50,50,50,50,50,50,50,50,50,50,50,50,50,50,-1,40,40,40,40,40,40,40,40,40,-1,41,41,41,41,41,41,41,41,41,41,41,-1,0,0,0,0,0,0,0,0,0,0,0
0,0,0,0,0,0,0,0,0,-1,14,14,14,14,14,14,14,14,14,14,14,14,14,14,14,-1,13,13,13,13,13,-1,12,12,12,12,12,12,12,12,12,12,12,12,12,12,12,12,12,12,12,-1,11,11,11,11,11,11,11,11,11,11,11,11,11,11,11,11,11,11,11,11,11,11,11,-1,50,50,50,50,50,50,50,50,50,50,50,50,50,50,50,50,50,50,50,50,-1,40,40,40,40,40,40,40,40,40,-1,41,41,41,41,41,41,41,41,41,41,41,-1,-1,-1,-1,-1,-1,-1,-1,-1,0,0,0
0,0,0,0,0,0,0,0,0,-1,14,14,14,14,14,14,14,14,14,14,14,14,14,14,14,-1,13,13,13,13,13,-1,12,12,12,12,12,12,12,12,12,12,12,12,12,12,12,12,12,12,12,-1,11,11,11,11,11,11,11,11,11,11,11,11,11,11,11,11,11,11,11,11,11,11,11,-1,50,50,50,50,50,50,50,50,50,50,50,50,50,-1,-1,-1,-1,-1,-1,-1,-1,40,40,40,40,40,40,40,40,40,-1,41,41,41,41,41,41,41,41,41,41,41,41,41,41,41,41,41,41,41,-1,0,0,0
0,0,0,0,0,0,0,0,0,-1,14,14,14,14,14,14,14,14,14,14,14,14,14,14,14,-1,13,13,13,13,13,-1,-1,-1,-1,-1,-1,-1,-1,-1,-1,12,12,12,12,12,12,12,12,12,12,-1,11,11,11,11,11,11,11,11,11,11,11,11,11,11,11,11,11,11,11,11,11,11,11,-1,50,50,50,50,50,50,50,50,50,50,50,50,50,-1,40,40,40,40,40,40,40,40,40,40,40,40,40,40,40,40,-1,41,41,41,41,41,41,41,41,41,41,41,41,41,41,41,41,41,41,41,-1,0,0,0
0,0,0,0,0,0,0,0,0,-1,14,14,14,14,14,14,14,14,14,14,14,14,14,14,14,-1,13,13,13,13,13,13,13,13,13,13,13,13,13,13,-1,12,12,12,12,12,12,12,12,12,12,-1,11,11,11,11,11,11,11,11,11,11,11,11,11,11,11,11,11,11,11,11,11,11,11,-1,50,50,50,50,50,50,50,50,50,50,50,50,50,-1,40,40,40,40,40,40,40,40,40,40,40,-1,-1,-1,-1,-1,-1,41,41,41,41,41,41,41,41,41,41,41,41,41,41,41,41,41,41,41,-1,0,0,0
0,0,0,0,0,0,0,0,0,-1,14,14,14,14,14,14,14,14,14,14,14,14,14,14,14,-1,13,13,13,13,13,13,13,13,13,13,13,13,13,13,-1,12,12,12,12,12,12,12,12,12,12,-1,11,11,11,11,11,11,11,11,11,11,11,11,11,11,11,11,11,11,11,11,11,11,11,-1,50,50,50,50,50,50,50,50,50,50,50,50,50,-1,40,40,40,40,40,40,40,40,40,40,40,-1,0,0,0,0,-1,41,41,41,41,41,41,41,41,41,41,41,41,41,41,41,41,41,41,41,-1,0,0,0
0,0,0,0,0,0,0,0,0,-1,14,14,14,14,14,14,14,14,14,14,14,14,14,14,14,-1,13,13,13,13,13,13,13,13,13,13,13,13,13,13,-1,12,12,12,12,12,12,12,12,12,12,-1,11,11,11,11,11,11,11,11,11,11,11,11,11,11,11,11,11,11,11,11,11,11,11,-1,50,50,50,50,50,50,50,50,50,50,50,50,50,-1,40,40,40,40,40,40,40,40,40,40,40,-1,0,0,0,0,-1,41,41,41,41,41,41,41,41,41,41,41,41,41,41,41,41,41,41,41,-1,0,0,0
0,0,0,0,0,0,0,0,0,-1,14,14,14,14,14,14,14,14,14,14,14,14,14,14,14,-1,13,13,13,13,13,13,13,13,13,13,13,13,13,13,-1,12,12,12,12,12,12,12,12,12,12,-1,11,11,11,11,11,11,11,11,11,11,11,11,11,11,11,11,11,11,11,11,11,11,11,-1,50,50,50,50,50,50,50,50,50,50,50,50,50,-1,40,40,40,40,40,40,40,40,40,40,40,-1,0,0,0,0,-1,41,41,41,41,41,41,41,41,41,41,41,41,41,41,41,41,41,41,41,-1,0,0,0
0,0,0,0,0,0,-1,-1,-1,-1,14,14,14,14,14,14,14,14,14,14,14,14,14,14,14,-1,13,13,13,13,13,13,13,13,13,13,13,13,13,13,-1,12,12,12,12,12,12,12,12,12,12,-1,11,11,11,11,11,11,11,11,11,11,11,11,11,11,11,11,11,11,11,11,11,11,11,-1,50,50,50,50,50,50,50,50,50,50,50,50,50,-1,40,40,40,40,40,40,40,40,40,40,40,-1,0,0,0,0,-1,41,41,41,41,41,41,41,41,41,41,41,41,41,41,41,41,41,41,41,-1,0,0,0
0,0,0,0,0,0,-1,14,14,14,14,14,14,14,14,14,14,14,14,14,14,14,14,14,14,-1,13,13,13,13,13,13,13,13,13,13,13,13,13,13,-1,12,12,12,12,12,12,12,12,12,12,-1,11,11,11,11,11,11,11,11,11,11,11,11,11,11,11,11,11,11,11,11,11,11,11,-1,50,50,50,50,50,50,50,50,50,50,50,50,50,-1,40,40,40,40,40,40,40,40,40,40,40,-1,0,0,0,0,-1,41,41,41,41,41,41,41,41,41,41,41,41,41,41,41,41,41,41,-1,-1,0,0,0
0,0,0,0,0,0,-1,14,14,14,14,14,14,14,14,14,14,14,14,14,14,14,14,14,14,-1,13,13,13,13,13,13,13,13,13,13,13,13,13,13,-1,12,12,12,12,12,12,12,12,12,12,-1,11,11,11,11,11,11,11,11,11,11,11,11,11,11,11,11,11,11,11,11,11,11,11,-1,50,50,50,50,50,50,50,50,50,50,50,50,50,-1,40,40,40,40,40,40,40,40,40,40,40,-1,0,0,0,0,-1,41,41,41,41,41,41,41,41,41,41,41,41,41,41,41,41,41,41,-1,0,0,0,0
0,0,0,0,0,0,-1,14,14,14,14,14,14,14,14,14,14,14,14,14,14,14,14,14,14,-1,13,13,13,13,13,13,13,13,13,13,13,13,13,13,-1,12,12,12,12,12,12,12,12,12,12,-1,11,11,11,11,11,11,11,11,11,11,11,11,11,11,11,11,11,11,11,11,11,11,11,-1,50,50,50,50,50,50,50,50,50,50,50,50,50,-1,40,40,40,40,40,40,40,40,40,40,40,-1,0,0,0,0,-1,41,41,41,41,41,41,41,41,41,41,41,41,41,41,41,41,41,41,-1,0,0,0,0
0,0,0,0,0,0,-1,14,14,14,14,14,14,14,14,14,14,14,14,14,14,14,14,14,14,-1,13,13,13,13,13,13,13,13,13,13,13,13,13,13,-1,12,12,12,12,12,12,12,12,12,12,-1,11,11,11,11,11,11,11,11,11,11,11,11,11,11,11,11,11,11,11,11,11,11,11,-1,50,50,50,50,50,50,50,50,50,50,50,50,50,-1,40,40,40,40,40,40,40,40,40,40,40,-1,0,0,0,0,-1,41,41,41,41,41,41,41,41,41,41,41,41,41,41,41,41,41,41,-1,0,0,0,0
0,0,0,0,0,0,-1,14,14,14,14,14,14,14,14,14,14,14,14,14,14,14,14,14,14,-1,13,13,13,13,13,13,13,13,13,13,13,13,13,13,-1,12,12,12,12,12,12,12,12,12,12,-1,11,11,11,11,11,11,11,11,11,11,11,11,11,11,11,11,11,11,11,11,11,11,11,-1,50,50,50,50,50,50,50,50,50,50,50,50,50,-1,40,40,40,40,40,40,40,40,40,40,40,-1,0,0,0,0,-1,41,41,41,41,41,41,41,41,41,41,41,41,41,41,41,41,41,41,-1,0,0,0,0
0,0,0,0,0,0,-1,14,14,14,14,14,14,14,14,14,14,14,14,14,14,14,14,14,14,-1,13,13,13,13,13,13,13,13,13,13,13,13,13,13,-1,12,12,12,12,12,12,12,-1,-1,-1,-1,-1,-1,-1,-1,-1,-1,-1,-1,-1,-1,-1,-1,-1,-1,-1,-1,-1,-1,-1,-1,-1,-1,-1,-1,-1,-1,-1,-1,-1,-1,-1,-1,-1,-1,-1,-1,-1,-1,40,40,40,40,40,40,40,40,40,40,40,-1,0,0,0,0,-1,41,41,41,41,41,41,41,41,41,41,41,41,41,41,41,41,41,41,-1,0,0,0,0
0,0,0,0,0,0,-1,14,14,14,14,14,14,14,14,14,14,14,14,14,14,14,14,14,-1,-1,-1,-1,-1,-1,-1,-1,-1,-1,-1,-1,-1,-1,-1,-1,-1,-1,-1,-1,-1,-1,-1,-1,-1,0,0,0,0,0,0,0,0,0,0,0,0,0,0,0,-1,60,60,60,60,60,60,60,60,60,60,60,60,60,60,60,60,60,60,60,60,60,60,60,60,-1,40,40,40,40,40,40,40,40,40,40,40,-1,0,0,0,0,-1,41,41,41,41,41,41,41,41,41,41,41,41,41,41,41,41,41,41,-1,0,0,0,0
0,0,0,0,0,0,-1,14,14,14,14,14,14,14,14,14,14,14,14,14,14,14,14,14,-1,36,36,36,36,36,36,36,36,36,36,36,36,36,36,36,36,36,36,36,36,36,36,36,-1,0,0,0,0,0,0,0,0,0,0,0,0,0,0,0,-1,60,60,60,60,60,60,60,60,60,60,60,60,60,60,60,60,60,60,60,60,60,60,60,60,-1,40,40,40,40,40,40,40,40,40,40,40,-1,-1,-1,-1,-1,-1,-1,-1,-1,-1,-1,-1,-1,-1,-1,-1,-1,-1,-1,-1,-1,-1,-1,-1,-1,0,0,0,0
0,0,0,0,0,0,-1,14,14,14,14,14,14,14,14,14,14,14,14,14,14,14,14,14,-1,36,36,36,36,36,36,36,36,36,36,36,36,36,36,36,36,36,36,36,36,36,36,36,-1,0,0,0,0,0,0,0,0,0,0,0,0,0,0,0,-1,60,60,60,60,60,60,60,60,60,60,60,60,60,60,60,60,60,60,60,60,60,60,60,60,-1,40,40,40,40,40,40,40,40,40,40,40,-1,-1,61,61,61,61,61,61,61,61,61,61,61,61,61,61,61,61,61,61,61,61,61,61,-1,0,0,0,0
0,0,0,0,0,0,-1,-1,-1,-1,-1,-1,-1,-1,-1,-1,-1,-1,-1,-1,-1,-1,-1,-1,-1,36,36,36,36,36,36,36,36,36,36,36,36,36,36,36,36,36,36,36,36,36,36,36,-1,0,0,0,0,0,0,0,0,0,0,0,0,0,0,0,-1,60,60,60,60,60,60,60,60,60,60,60,60,60,60,60,60,60,60,60,60,60,60,60,60,-1,40,40,40,40,40,40,40,40,40,40,40,-1,-1,61,61,61,61,61,61,61,61,61,61,61,61,61,61,61,61,61,61,61,61,61,61,-1,0,0,0,0
0,0,0,0,0,0,-1,35,35,35,35,35,35,35,35,35,35,35,35,35,35,35,35,35,-1,36,36,36,36,36,36,36,36,36,36,36,36,36,36,36,36,36,36,36,36,36,36,36,-1,0,0,0,0,0,0,0,0,0,0,0,0,0,0,0,-1,60,60,60,60,60,60,60,60,60,60,60,60,60,60,60,60,60,60,60,60,60,60,60,60,-1,-1,-1,-1,-1,-1,-1,-1,-1,-1,-1,-1,-1,-1,61,61,61,61,61,61,61,61,61,61,61,61,61,61,61,61,61,61,61,61,61,61,-1,0,0,0,0
0,0,0,0,0,0,-1,35,35,35,35,35,35,35,35,35,35,35,35,35,35,35,35,35,-1,36,36,36,36,36,36,36,36,36,36,36,36,36,36,36,36,36,36,36,36,36,36,36,-1,0,0,0,0,0,0,0,0,0,0,0,0,0,0,0,-1,60,60,60,60,60,60,60,60,60,60,60,60,60,60,60,60,60,60,60,60,60,60,60,60,-1,0,0,0,0,0,0,0,0,0,0,0,0,-1,61,61,61,61,61,61,61,61,61,61,61,61,61,61,61,61,61,61,61,61,61,61,-1,0,0,0,0
0,0,0,0,0,0,-1,35,35,35,35,35,35,35,35,35,35,35,35,35,35,35,35,35,-1,36,36,36,36,36,36,36,36,36,36,36,36,36,36,36,36,36,36,36,36,36,36,36,-1,0,0,0,0,0,0,0,0,0,0,0,0,0,0,0,-1,60,60,60,60,60,60,60,60,60,60,60,60,60,60,60,60,60,60,60,60,60,60,60,60,-1,0,0,0,0,0,0,0,0,0,0,0,0,-1,61,61,61,61,61,61,61,61,61,61,61,61,61,61,61,61,61,61,61,61,61,61,-1,0,0,0,0
0,0,0,0,0,0,-1,35,35,35,35,35,35,35,35,35,35,35,35,35,35,35,35,35,-1,36,36,36,36,36,36,36,36,36,36,36,36,36,36,36,36,36,36,36,36,36,36,36,-1,0,0,0,0,0,0,0,0,0,0,0,0,0,0,0,-1,60,60,60,60,60,60,60,60,60,60,60,60,60,60,60,60,60,60,60,60,60,60,60,60,-1,0,0,0,0,0,0,0,0,0,0,0,0,-1,61,61,61,61,61,61,61,61,61,61,61,61,61,61,61,61,61,61,61,61,61,61,-1,0,0,0,0
0,0,0,0,0,0,-1,35,35,35,35,35,35,35,35,35,35,35,35,35,35,35,35,35,-1,36,36,36,36,36,36,36,36,36,36,36,36,36,36,36,36,36,36,36,36,36,36,36,-1,-1,-1,-1,-1,-1,-1,-1,-1,-1,-1,-1,-1,-1,-1,-1,-1,60,60,60,60,60,60,60,60,60,60,60,60,60,60,60,60,60,60,60,60,60,60,60,60,-1,0,0,0,0,0,0,0,0,0,0,0,0,-1,61,61,61,61,61,61,61,61,61,61,61,61,61,61,61,61,61,61,61,61,61,61,-1,0,0,0,0
0,0,0,0,0,0,-1,35,35,35,35,35,35,35,35,35,35,35,35,35,35,35,35,35,-1,36,36,36,36,36,36,36,36,36,36,36,36,36,36,36,36,36,36,36,36,36,36,36,-1,34,34,34,34,34,34,34,34,34,34,34,34,34,34,34,-1,60,60,60,60,60,60,60,60,60,60,60,60,60,60,60,60,60,60,60,60,60,60,60,60,-1,0,0,0,0,0,0,0,0,0,0,0,0,-1,61,61,61,61,61,61,61,61,61,61,61,61,61,61,61,61,61,61,61,61,61,61,-1,0,0,0,0
0,0,0,0,0,0,-1,35,35,35,35,35,35,35,35,35,35,35,35,35,35,35,35,35,-1,-1,-1,-1,-1,-1,-1,-1,-1,-1,-1,-1,-1,-1,-1,-1,-1,-1,-1,-1,-1,-1,-1,-1,-1,34,34,34,34,34,34,34,34,34,34,34,34,34,34,34,-1,60,60,60,60,60,60,60,60,60,60,60,60,60,60,60,60,60,60,60,60,60,60,60,60,-1,0,0,0,0,0,0,0,0,0,0,0,0,-1,61,61,61,61,61,61,61,61,61,61,61,61,61,61,61,61,61,61,61,61,61,61,-1,0,0,0,0
0,0,0,0,0,0,-1,35,35,35,35,35,35,35,35,35,35,35,35,35,35,35,35,35,35,-1,37,37,37,37,37,37,37,37,37,37,37,37,37,37,37,37,37,37,37,37,37,-1,34,34,34,34,34,34,34,34,34,34,34,34,34,34,34,34,-1,60,60,60,60,60,60,60,60,60,60,60,60,60,60,60,60,60,60,60,60,60,60,60,60,-1,0,0,0,0,0,0,0,0,0,0,0,0,-1,61,61,61,61,61,61,61,61,61,61,61,61,61,61,61,61,61,61,61,61,61,61,-1,0,0,0,0
0,0,0,0,0,0,-1,35,35,35,35,35,35,35,35,35,35,35,35,35,35,35,35,35,35,-1,37,37,37,37,37,37,37,37,37,37,37,37,37,37,37,37,37,37,37,37,37,-1,34,34,34,34,34,34,34,34,34,34,34,34,34,34,34,34,-1,60,60,60,60,60,60,60,60,60,60,60,60,60,60,60,60,60,60,60,60,60,60,60,60,-1,0,0,0,0,0,0,0,0,0,0,0,0,-1,61,61,61,61,61,61,61,61,61,61,61,61,61,61,61,61,61,61,61,61,61,61,-1,0,0,0,0
0,0,0,0,0,0,-1,35,35,35,35,35,35,35,35,35,35,35,35,35,35,35,35,35,35,-1,37,37,37,37,37,37,37,37,37,37,37,37,37,37,37,37,37,37,37,37,37,-1,34,34,34,34,34,34,34,34,34,34,34,34,34,34,34,34,-1,60,60,60,60,60,60,60,60,60,60,60,60,60,60,60,60,60,60,60,60,60,60,60,60,-1,0,0,0,0,0,0,0,0,0,0,0,0,-1,61,61,61,61,61,61,61,61,61,61,61,61,61,61,61,61,61,61,61,61,61,61,-1,0,0,0,0
0,0,0,0,0,0,-1,35,35,35,35,35,35,35,35,35,35,35,35,35,35,35,35,35,35,-1,37,37,37,37,37,37,37,37,37,37,37,37,37,37,37,37,37,37,37,37,37,-1,34,34,34,34,34,34,34,34,34,34,34,34,34,34,34,34,-1,60,60,60,60,60,60,60,60,60,60,60,60,60,60,60,60,60,60,60,60,60,60,60,60,-1,0,0,0,0,0,0,0,0,0,0,0,0,-1,61,61,61,61,61,61,61,61,61,61,61,61,61,61,61,61,61,61,61,-1,-1,-1,-1,0,0,0,0
0,0,0,0,0,0,-1,35,35,35,35,35,35,35,35,35,35,35,35,35,35,35,35,35,35,-1,37,37,37,37,37,37,37,37,37,37,37,37,37,37,37,37,37,37,37,37,37,-1,34,34,34,34,34,34,34,34,34,34,34,34,34,34,34,34,-1,-1,-1,-1,-1,-1,-1,-1,-1,-1,-1,-1,-1,-1,-1,-1,-1,-1,-1,-1,-1,-1,-1,-1,-1,-1,-1,-1,-1,-1,-1,-1,-1,-1,-1,-1,-1,-1,-1,-1,-1,-1,-1,-1,-1,-1,-1,-1,-1,-1,-1,-1,-1,-1,-1,-1,-1,-1,-1,0,0,0,0,0,0,0
0,0,0,0,0,0,-1,35,35,35,35,35,35,35,35,35,35,35,35,35,35,35,35,35,35,-1,37,37,37,37,37,37,37,37,37,37,37,37,37,37,37,37,37,37,37,37,37,-1,34,34,34,34,34,34,34,34,34,34,34,34,34,34,34,34,-1,65,65,65,65,65,65,65,65,65,65,65,65,-1,64,64,64,64,64,64,64,64,64,64,64,64,64,64,64,64,64,64,64,64,64,64,-1,62,62,62,62,62,62,62,62,62,62,62,62,62,62,62,62,62,62,62,62,62,-1,0,0,0,0,0,0,0
0,0,0,0,0,0,-1,35,35,35,35,35,35,35,35,35,35,35,35,35,35,35,35,35,35,-1,37,37,37,37,37,37,37,37,37,37,37,37,37,37,37,37,37,37,37,37,37,-1,34,34,34,34,34,34,34,34,34,34,34,34,34,34,34,34,-1,65,65,65,65,65,65,65,65,65,65,65,65,-1,64,64,64,64,64,64,64,64,64,64,64,64,64,64,64,64,64,64,64,64,64,64,-1,62,62,62,62,62,62,62,62,62,62,62,62,62,62,62,62,62,62,62,62,62,-1,0,0,0,0,0,0,0
0,0,0,0,0,0,-1,35,35,35,35,35,35,35,35,35,35,35,35,35,35,35,35,35,35,-1,37,37,37,37,37,37,37,37,37,37,37,37,37,37,37,37,37,37,37,37,37,-1,34,34,34,34,34,34,34,34,34,34,34,34,34,34,34,34,-1,65,65,65,65,65,65,65,65,65,65,65,65,-1,64,64,64,64,64,64,64,64,64,64,64,64,64,64,64,64,64,64,64,64,64,64,-1,62,62,62,62,62,62,62,62,62,62,62,62,62,62,62,62,62,62,62,62,62,-1,0,0,0,0,0,0,0
0,0,0,0,0,0,-1,35,35,35,35,35,35,35,35,35,35,35,35,35,35,35,35,35,35,-1,37,37,37,37,37,37,37,37,37,37,37,37,37,37,37,37,37,37,37,37,37,-1,34,34,34,34,34,34,34,34,34,34,34,34,34,34,34,34,-1,65,65,65,65,65,65,65,65,65,65,65,65,-1,64,64,64,64,64,64,64,64,64,64,64,64,64,64,64,64,64,64,64,64,64,64,-1,62,62,62,62,62,62,62,62,62,62,62,62,62,62,62,62,62,62,62,62,62,-1,0,0,0,0,0,0,0
0,0,0,0,0,0,-1,-1,-1,-1,-1,-1,-1,-1,-1,-1,-1,-1,-1,-1,-1,-1,-1,-1,-1,-1,-1,-1,-1,-1,-1,-1,-1,-1,-1,-1,-1,-1,-1,-1,-1,-1,-1,-1,-1,-1,-1,-1,34,34,34,34,34,34,34,34,34,34,34,34,34,34,34,34,-1,65,65,65,65,65,65,65,65,65,65,65,65,-1,64,64,64,64,64,64,64,64,64,64,64,64,64,64,64,64,64,64,64,64,64,64,-1,62,62,62,62,62,62,62,62,62,62,62,62,62,62,62,62,62,62,62,62,62,-1,0,0,0,0,0,0,0
0,0,0,0,0,0,-1,33,33,33,33,33,33,-1,38,38,38,38,38,38,38,38,38,38,38,38,38,38,38,38,38,38,38,38,38,38,38,-1,0,0,0,0,0,0,0,0,0,-1,34,34,34,34,34,34,34,34,34,34,34,34,34,34,34,34,-1,65,65,65,65,65,65,65,65,65,65,65,65,-1,64,64,64,64,64,64,64,64,64,64,64,64,64,64,64,64,64,64,64,64,64,64,-1,62,62,62,62,62,62,62,62,62,62,62,62,62,62,62,62,62,62,62,62,62,-1,0,0,0,0,0,0,0
0,0,0,0,0,0,-1,33,33,33,33,33,33,-1,38,38,38,38,38,38,38,38,38,38,38,38,38,38,38,38,38,38,38,38,38,38,38,-1,0,0,0,0,0,0,0,0,0,-1,34,34,34,34,34,34,34,34,34,34,34,34,34,34,34,34,-1,65,65,65,65,65,65,65,65,65,65,65,65,-1,64,64,64,64,64,64,64,64,64,64,64,64,64,64,64,64,64,64,64,64,64,64,-1,62,62,62,62,62,62,62,62,62,62,62,62,62,62,62,62,62,62,62,62,62,-1,0,0,0,0,0,0,0
0,0,0,0,0,0,-1,33,33,33,33,33,33,-1,38,38,38,38,38,38,38,38,38,38,38,38,38,38,38,38,38,38,38,38,38,38,38,-1,0,0,0,0,0,0,0,0,0,-1,34,34,34,34,34,34,34,34,34,34,34,34,34,34,34,34,-1,65,65,65,65,65,65,65,65,65,65,65,65,-1,64,64,64,64,64,64,64,64,64,64,64,64,64,64,64,64,64,64,64,64,64,64,-1,62,62,62,62,62,62,62,62,62,62,62,62,62,62,62,62,62,62,62,62,62,-1,0,0,0,0,0,0,0
0,0,0,0,0,0,-1,33,33,33,33,33,33,-1,38,38,38,38,38,38,38,38,38,38,38,38,38,38,38,38,38,38,38,38,38,38,38,-1,0,0,0,0,0,0,0,0,0,-1,34,34,34,34,34,34,34,34,34,34,34,34,34,34,34,34,-1,65,65,65,65,65,-1,-1,-1,-1,-1,-1,-1,-1,-1,-1,-1,64,64,64,64,64,64,64,64,64,64,64,64,64,64,64,64,64,64,64,-1,62,62,62,62,62,62,62,62,62,62,62,62,62,62,62,62,62,62,62,62,62,-1,0,0,0,0,0,0,0
0,0,0,0,0,0,-1,33,33,33,33,33,33,-1,38,38,38,38,38,38,38,38,38,38,38,38,38,38,38,38,38,38,38,38,38,38,38,-1,0,0,0,0,0,0,0,0,0,-1,34,34,34,34,34,34,34,34,34,34,34,34,34,34,34,34,-1,65,65,65,65,65,-1,66,66,66,66,66,66,66,66,66,-1,-1,-1,-1,-1,-1,-1,-1,64,64,64,64,64,64,64,64,64,64,64,64,-1,62,62,62,62,62,62,62,62,62,62,62,62,62,62,62,62,62,62,62,62,62,-1,0,0,0,0,0,0,0
0,0,0,0,0,0,-1,33,33,33,33,33,33,-1,38,38,38,38,38,38,38,38,38,38,38,38,38,38,38,38,38,38,38,38,38,38,38,-1,0,0,0,0,0,-1,-1,-1,-1,-1,-1,-1,-1,-1,-1,-1,-1,-1,-1,-1,-1,-1,-1,-1,-1,-1,-1,65,65,65,65,65,-1,66,66,66,66,66,66,66,66,66,66,66,66,66,66,66,66,-1,64,64,64,64,64,64,64,64,64,64,64,64,-1,62,62,62,62,62,62,62,62,62,62,62,62,62,62,62,62,62,62,62,62,62,-1,0,0,0,0,0,0,0
0,0,0,0,0,0,-1,33,33,33,33,33,33,-1,38,38,38,38,38,38,38,38,38,38,38,38,38,38,38,38,38,38,38,38,38,38,38,-1,0,0,0,0,0,-1,39,39,39,39,39,39,39,39,39,39,39,39,39,39,39,39,39,39,39,39,-1,65,65,65,65,65,-1,66,66,66,66,66,66,66,66,66,66,66,66,66,66,66,66,-1,64,64,64,64,64,64,64,64,64,64,64,64,-1,62,62,62,62,62,62,62,62,62,62,62,62,62,62,62,62,62,62,62,62,62,-1,0,0,0,0,0,0,0
0,0,0,0,0,0,-1,33,33,33,33,33,33,-1,38,38,38,38,38,38,38,38,38,38,38,38,38,38,38,38,38,38,38,38,38,38,38,-1,0,0,0,0,0,-1,39,39,39,39,39,39,39,39,39,39,39,39,39,39,39,39,39,39,39,39,-1,65,65,65,65,65,-1,66,66,66,66,66,66,66,66,66,66,66,66,66,66,66,66,-1,64,64,64,64,64,64,64,64,64,64,64,64,-1,62,62,62,62,62,62,62,62,62,62,62,62,62,-1,-1,-1,-1,-1,-1,-1,-1,-1,0,0,0,0,0,0,0
0,0,0,0,0,0,-1,33,33,33,33,33,33,-1,38,38,38,38,38,38,38,38,38,38,38,38,38,38,38,38,38,38,38,38,38,38,38,-1,0,0,0,0,0,-1,39,39,39,39,39,39,39,39,39,39,39,39,39,39,39,39,39,39,39,39,-1,65,65,65,65,65,-1,66,66,66,66,66,66,66,66,66,66,66,66,66,66,66,66,-1,-1,-1,-1,-1,-1,-1,-1,-1,-1,-1,-1,-1,-1,-1,-1,-1,-1,-1,-1,-1,-1,-1,-1,-1,-1,-1,-1,0,0,0,0,0,0,0,0,0,0,0,0,0,0,0
0,0,0,0,0,0,-1,33,33,33,33,33,33,-1,38,38,38,38,38,38,38,38,38,38,38,38,38,38,38,38,38,38,38,38,38,38,38,-1,-1,-1,-1,-1,-1,-1,39,39,39,39,39,39,39,39,39,39,39,39,39,39,39,39,39,39,39,-1,-1,65,65,65,65,65,-1,66,66,66,66,66,66,66,66,66,66,66,66,66,66,66,66,-1,63,63,63,63,63,63,63,63,63,63,63,63,63,63,63,63,63,63,63,63,63,63,63,63,63,63,-1,-1,-1,-1,-1,-1,-1,-1,-1,-1,-1,0,0,0,0,0
0,0,0,0,0,0,-1,33,33,33,33,33,33,-1,38,38,38,38,38,38,38,38,38,38,38,38,38,38,38,38,38,38,38,38,38,38,38,38,38,38,-1,39,39,39,39,39,39,39,39,39,39,39,39,39,39,39,39,39,39,39,39,39,39,-1,65,65,65,65,65,65,-1,66,66,66,66,66,66,66,66,66,66,66,66,66,66,66,66,-1,63,63,63,63,63,63,63,63,63,63,63,63,63,63,63,63,63,63,63,63,63,63,63,63,63,63,63,63,63,63,63,63,63,63,63,63,-1,0,0,0,0,0
0,0,0,0,0,0,-1,33,33,33,33,33,33,-1,38,38,38,38,38,38,38,38,38,38,38,38,38,38,38,38,38,38,38,38,38,38,38,38,38,38,-1,39,39,39,39,39,39,39,39,39,39,39,39,39,39,39,39,39,39,39,39,39,39,-1,65,65,65,65,65,65,-1,66,66,66,66,66,66,66,66,66,66,66,66,66,66,66,66,-1,63,63,63,63,63,63,63,63,63,63,63,63,63,63,63,63,63,63,63,63,63,63,63,63,63,63,63,63,63,63,63,63,63,63,63,63,-1,0,0,0,0,0
0,0,0,0,0,0,-1,33,33,33,33,33,33,-1,38,38,38,38,38,38,38,38,38,38,38,38,38,38,38,38,38,38,38,38,38,38,38,38,38,38,-1,39,39,39,39,39,39,39,39,39,39,39,39,39,39,39,39,39,39,39,39,39,39,-1,65,65,65,65,65,65,-1,66,66,66,66,66,66,66,66,66,66,66,66,66,66,66,66,-1,63,63,63,63,63,63,63,63,63,63,63,63,63,63,63,63,63,63,63,63,63,63,63,63,63,63,63,63,63,63,63,63,63,63,63,63,-1,0,0,0,0,0
0,0,0,0,0,0,-1,33,33,33,33,33,33,-1,38,38,38,38,38,38,38,38,38,38,38,38,38,38,38,38,38,38,38,38,38,38,38,38,38,38,-1,39,39,39,39,39,39,39,39,39,39,39,39,39,39,39,39,39,39,39,39,39,39,-1,65,65,65,65,65,65,-1,66,66,66,66,66,66,66,66,66,66,66,66,66,66,66,66,-1,63,63,63,63,63,63,63,63,63,63,63,63,63,63,63,63,63,63,63,63,63,63,63,63,63,63,63,63,63,63,63,63,63,63,63,63,-1,0,0,0,0,0
0,0,0,0,0,0,-1,33,33,33,33,33,33,-1,38,38,38,38,38,38,38,38,38,38,38,38,38,38,38,38,38,38,38,38,38,38,38,38,38,38,-1,39,39,39,39,39,39,39,39,39,39,39,39,39,39,39,39,39,39,39,39,39,39,-1,65,65,65,65,65,65,-1,66,66,66,66,66,66,66,66,66,66,66,66,66,66,66,66,-1,63,63,63,63,63,63,63,63,63,63,63,63,63,63,63,63,63,63,63,63,63,63,63,63,63,63,63,63,63,63,63,63,63,63,63,63,-1,0,0,0,0,0
0,0,0,0,0,0,-1,33,33,33,33,33,33,-1,38,38,38,38,38,38,38,38,38,38,38,38,38,38,38,38,38,38,38,38,38,38,38,-1,-1,-1,-1,-1,-1,-1,39,39,39,39,39,39,39,39,39,39,39,39,39,39,39,39,39,39,39,-1,-1,-1,-1,-1,-1,-1,-1,66,66,66,66,66,66,66,66,66,66,66,66,66,66,66,66,-1,63,63,63,63,63,63,63,63,63,63,63,63,63,63,63,63,63,63,63,63,63,63,63,63,63,63,63,63,63,63,63,63,63,63,63,63,-1,0,0,0,0,0
0,0,0,0,0,0,-1,33,33,33,33,33,33,-1,-1,-1,-1,-1,-1,-1,-1,-1,-1,-1,-1,-1,-1,-1,-1,-1,-1,-1,-1,-1,-1,-1,-1,-1,0,0,0,0,0,-1,39,39,39,39,39,39,39,39,39,39,39,39,39,39,39,39,39,39,39,-1,0,0,0,0,0,0,-1,66,66,66,66,66,66,66,66,66,66,66,66,66,66,66,66,-1,63,63,63,63,63,63,63,63,63,63,63,63,63,63,63,63,63,63,63,63,63,63,63,63,63,63,63,63,63,63,63,63,63,63,63,63,-1,0,0,0,0,0
0,0,0,0,0,0,-1,33,33,33,33,33,33,-1,32,32,32,32,32,32,32,32,32,32,32,32,32,32,32,32,32,32,32,32,32,32,32,-1,0,0,0,0,0,-1,39,39,39,39,39,39,39,39,39,39,39,39,39,39,39,39,39,39,39,-1,0,0,0,0,0,0,-1,66,66,66,66,66,66,66,66,66,66,66,66,66,66,66,66,-1,63,63,63,63,63,63,63,63,63,63,63,63,63,63,63,63,63,63,63,63,63,63,63,63,63,63,63,63,63,63,63,63,63,63,63,63,-1,0,0,0,0,0
0,0,0,0,0,0,-1,33,33,33,33,33,33,-1,32,32,32,32,32,32,32,32,32,32,32,32,32,32,32,32,32,32,32,32,32,32,32,-1,0,0,0,0,0,-1,39,39,39,39,39,39,39,39,39,39,39,39,39,39,39,39,39,39,39,-1,0,0,0,0,0,0,-1,66,66,66,66,66,66,66,66,66,66,66,66,66,66,66,66,-1,63,63,63,63,63,63,63,63,63,63,63,63,63,63,63,63,63,63,63,63,63,63,63,63,63,63,63,63,63,63,63,63,63,63,63,63,-1,0,0,0,0,0
0,0,0,0,0,0,-1,33,33,33,33,33,33,-1,32,32,32,32,32,32,32,32,32,32,32,32,32,32,32,32,32,32,32,32,32,32,32,-1,0,0,0,0,0,-1,39,39,39,39,39,39,39,39,39,39,39,39,39,39,39,39,39,39,39,-1,0,0,0,0,0,0,-1,66,66,66,66,66,66,66,66,66,66,66,66,66,66,66,66,-1,63,63,63,63,63,63,63,63,63,63,63,63,63,63,63,63,63,63,63,63,63,63,63,63,63,63,63,63,63,63,63,63,63,63,63,63,-1,0,0,0,0,0
0,0,0,0,0,0,-1,33,33,33,33,33,33,-1,32,32,32,32,32,32,32,32,32,32,32,32,32,32,32,32,32,32,32,32,32,32,32,-1,0,0,0,0,0,-1,39,39,39,39,39,39,39,39,39,39,39,39,39,39,39,39,39,39,39,-1,0,0,0,0,0,0,-1,66,66,66,66,66,66,66,66,66,66,66,66,66,66,66,66,-1,63,63,63,63,63,63,63,63,63,63,63,63,63,63,63,63,63,63,63,63,63,63,63,63,63,63,63,63,63,63,63,63,63,63,63,63,-1,0,0,0,0,0
0,0,0,0,0,0,-1,33,33,33,33,33,33,-1,32,32,32,32,32,32,32,32,32,32,32,32,32,32,32,32,32,32,32,32,32,32,32,-1,0,0,0,0,0,-1,39,39,39,39,39,39,39,39,39,39,39,39,39,39,39,39,39,39,39,-1,0,0,-1,-1,-1,-1,-1,-1,-1,-1,-1,-1,-1,-1,-1,-1,-1,-1,-1,-1,-1,-1,-1,-1,63,63,63,63,63,63,63,63,63,-1,-1,-1,-1,-1,-1,-1,-1,-1,-1,-1,-1,-1,-1,63,63,63,63,63,63,63,63,63,63,63,63,63,-1,0,0,0,0,0
0,0,0,0,0,0,-1,33,33,33,33,33,33,-1,32,32,32,32,32,32,32,32,32,32,32,32,32,32,32,32,32,32,32,32,32,32,32,-1,-1,-1,-1,-1,-1,-1,-1,-1,-1,-1,-1,-1,-1,-1,-1,-1,-1,-1,-1,-1,-1,-1,-1,-1,-1,-1,0,0,-1,67,67,67,67,67,67,67,67,67,67,67,67,67,67,67,67,-1,0,0,0,-1,-1,-1,-1,-1,-1,-1,-1,-1,-1,-1,0,0,0,0,0,0,0,0,0,0,0,0,-1,-1,-1,-1,-1,-1,-1,-1,-1,-1,-1,-1,-1,-1,-1,0,0,0,0,0
0,0,0,0,0,0,-1,33,33,33,33,33,33,-1,32,32,32,32,32,32,32,32,32,32,32,32,32,32,32,32,32,32,32,32,32,32,32,-1,29,29,29,29,29,29,29,29,29,29,29,29,29,29,29,29,29,-1,0,0,0,0,0,0,0,0,0,0,-1,67,67,67,67,67,67,67,67,67,67,67,67,67,67,67,67,-1,0,0,0,-1,68,68,68,68,68,68,68,68,68,-1,-1,-1,-1,-1,-1,-1,-1,0,0,0,0,0,-1,69,69,69,69,69,69,69,69,69,69,69,69,69,-1,0,0,0,0,0
0,0,0,0,0,0,-1,33,33,33,33,33,33,-1,32,32,32,32,32,32,32,32,32,32,32,32,32,32,32,32,32,32,32,32,32,32,32,-1,29,29,29,29,29,29,29,29,29,29,29,29,29,29,29,29,29,-1,0,0,0,0,0,0,0,0,0,0,-1,67,67,67,67,67,67,67,67,67,67,67,67,67,67,67,67,-1,0,0,0,-1,68,68,68,68,68,68,68,68,68,68,68,68,68,68,68,68,-1,0,0,0,0,0,-1,69,69,69,69,69,69,69,69,69,69,69,69,69,-1,0,0,0,0,0
0,0,0,0,0,0,-1,33,33,33,33,33,33,-1,32,32,32,32,32,32,32,32,32,32,32,32,32,32,32,32,32,32,32,32,32,32,32,-1,29,29,29,29,29,29,29,29,29,29,29,29,29,29,29,29,29,-1,0,0,0,0,0,0,0,0,0,0,-1,67,67,67,67,67,67,67,67,67,67,67,67,67,67,67,67,-1,0,0,0,-1,68,68,68,68,68,68,68,68,68,68,68,68,68,68,68,68,-1,0,0,0,0,0,-1,69,69,69,69,69,69,69,69,69,69,69,69,69,-1,0,0,0,0,0
0,0,0,0,0,0,-1,-1,-1,-1,-1,-1,-1,-1,-1,-1,-1,-1,-1,-1,-1,-1,-1,-1,-1,-1,-1,-1,-1,-1,-1,-1,-1,-1,-1,-1,-1,-1,29,29,29,29,29,29,29,29,29,29,29,29,29,29,29,29,29,-1,0,0,0,0,0,0,0,0,0,0,-1,67,67,67,67,67,67,67,67,67,67,67,67,67,67,67,67,-1,0,0,0,-1,68,68,68,68,68,68,68,68,68,68,68,68,68,68,68,68,-1,0,0,0,0,0,-1,69,69,69,69,69,69,69,69,69,69,69,69,69,-1,0,0,0,0,0
0,0,0,0,0,0,-1,31,31,31,31,31,31,31,31,31,31,31,31,31,31,31,31,-1,30,30,30,30,30,30,30,30,30,30,30,30,30,-1,29,29,29,29,29,29,29,29,29,29,29,29,29,29,29,29,29,-1,0,0,0,0,0,0,0,0,0,0,-1,67,67,67,67,67,67,67,67,67,67,67,67,67,67,67,67,-1,0,0,0,-1,68,68,68,68,68,68,68,68,68,68,68,68,68,68,68,68,-1,0,0,0,0,0,-1,69,69,69,69,69,69,69,69,69,69,69,69,69,-1,0,0,0,0,0
0,0,0,0,0,0,-1,31,31,31,31,31,31,31,31,31,31,31,31,31,31,31,31,-1,30,30,30,30,30,30,30,30,30,30,30,30,30,-1,29,29,29,29,29,29,29,29,29,29,29,29,29,29,29,29,29,-1,0,0,-1,-1,-1,-1,-1,-1,0,0,-1,67,67,67,67,67,67,67,67,67,67,67,67,67,67,67,67,-1,0,0,0,-1,68,68,68,68,68,68,68,68,68,68,68,68,68,68,68,68,-1,0,0,0,0,0,-1,69,69,69,69,69,69,69,69,69,69,69,69,69,-1,0,0,0,0,0
0,0,0,0,0,0,-1,31,31,31,31,31,31,31,31,31,31,31,31,31,31,31,31,-1,30,30,30,30,30,30,30,30,30,30,30,30,30,-1,29,29,29,29,29,29,29,29,29,29,29,29,29,29,29,29,29,-1,-1,-1,-1,29,29,-1,67,-1,-1,-1,-1,67,67,67,67,67,67,67,67,67,67,67,67,67,67,67,67,-1,0,0,0,-1,68,68,68,68,68,68,68,68,68,68,68,68,68,68,68,68,-1,0,0,0,0,0,-1,69,69,69,69,69,69,69,69,69,69,69,69,69,-1,0,0,0,0,0
0,0,0,0,0,0,-1,31,31,31,31,31,31,31,31,31,31,31,31,31,31,31,31,-1,30,30,30,30,30,30,30,30,30,30,30,30,30,-1,29,29,29,29,29,29,29,29,29,29,29,29,29,29,29,29,29,29,29,29,29,29,29,-1,67,67,67,67,67,67,67,67,67,67,67,67,67,67,67,67,67,67,67,67,67,-1,0,0,0,-1,68,68,68,68,68,68,68,68,68,68,68,68,68,68,68,68,-1,-1,-1,-1,-1,-1,-1,69,69,69,69,69,69,69,69,69,69,69,69,69,-1,0,0,0,0,0
0,0,0,0,0,0,-1,31,31,31,31,31,31,31,31,31,31,31,31,31,31,31,31,-1,30,30,30,30,30,30,30,30,30,30,30,30,30,-1,29,29,29,29,29,29,29,29,29,29,29,29,29,29,29,29,29,29,29,29,29,29,29,-1,67,67,67,67,67,67,67,67,67,67,67,67,67,67,67,67,67,67,67,67,67,-1,0,0,0,-1,68,68,68,68,68,68,68,68,68,68,68,68,68,68,68,68,-1,69,69,69,69,69,69,69,69,69,69,69,69,69,69,69,69,69,69,69,-1,0,0,0,0,0
0,0,0,0,0,0,-1,31,31,31,31,31,31,31,31,31,31,31,31,31,31,31,31,-1,30,30,30,30,30,30,30,30,30,30,30,30,30,-1,29,29,29,29,29,29,29,29,29,29,29,29,29,29,29,29,29,-1,-1,-1,-1,29,29,-1,67,-1,-1,-1,-1,67,67,67,67,67,67,67,67,67,67,67,67,67,67,67,67,-1,0,0,0,-1,68,68,68,68,68,68,68,68,68,68,68,68,68,68,68,68,-1,69,69,69,69,69,69,69,69,69,69,69,69,69,69,69,69,69,69,69,-1,0,0,0,0,0
0,0,0,0,0,0,-1,31,31,31,31,31,31,31,31,31,31,31,31,31,31,31,31,-1,30,30,30,30,30,30,30,30,30,30,30,30,30,-1,29,29,29,29,29,29,29,29,29,29,29,29,29,29,29,29,29,-1,0,0,-1,-1,-1,-1,-1,-1,0,0,-1,67,67,67,67,67,67,67,67,67,67,67,67,67,67,67,67,-1,0,0,0,-1,68,68,68,68,68,68,68,68,68,68,68,68,68,68,68,68,-1,69,69,69,69,69,69,69,69,69,69,69,69,69,69,69,69,69,69,69,-1,0,0,0,0,0
0,0,0,0,0,0,-1,31,31,31,31,31,31,31,31,31,31,31,31,31,31,31,31,-1,30,30,30,30,30,30,30,30,30,30,30,30,30,-1,29,29,29,29,29,29,29,29,29,29,29,29,29,29,29,29,29,-1,0,0,0,0,0,0,0,0,0,0,-1,67,67,67,67,67,67,67,67,67,67,67,67,67,67,67,67,-1,0,0,0,-1,68,68,68,68,68,68,68,68,68,68,68,68,68,68,68,68,-1,69,69,69,69,69,69,69,69,69,69,69,69,69,69,69,69,69,69,69,-1,0,0,0,0,0
0,0,0,0,0,0,-1,31,31,31,31,31,31,31,31,31,31,31,31,31,31,31,31,-1,30,30,30,30,30,30,30,30,30,30,30,30,30,-1,29,29,29,29,29,29,29,29,29,29,29,29,29,29,29,29,29,-1,0,0,0,0,0,0,0,0,0,0,-1,67,67,67,67,67,67,67,67,67,67,67,67,67,67,67,67,-1,0,0,0,-1,68,68,68,68,68,68,68,68,68,68,68,68,68,68,68,68,-1,69,69,69,69,69,69,69,69,69,69,69,69,69,69,69,69,69,69,69,-1,0,0,0,0,0
0,0,0,0,0,0,-1,31,31,31,31,31,31,31,31,31,31,31,31,31,31,31,31,-1,30,30,30,30,30,30,30,30,30,30,30,30,30,-1,29,29,29,29,29,29,29,29,29,29,29,29,29,29,29,29,29,-1,0,0,0,0,0,0,0,0,0,0,-1,67,67,67,67,67,67,67,67,67,67,67,67,67,67,67,67,-1,0,0,0,-1,68,68,68,68,68,68,68,68,68,68,68,68,68,68,68,68,-1,69,69,69,69,69,69,69,69,69,69,69,69,69,69,69,69,69,69,69,-1,0,0,0,0,0
0,0,0,0,0,-1,-1,31,31,31,31,31,31,31,31,31,31,31,31,31,31,31,31,-1,30,30,30,30,30,30,30,30,30,30,30,30,30,-1,29,29,29,29,29,29,29,29,29,29,29,29,29,29,29,29,29,-1,0,0,0,0,0,0,0,0,0,0,-1,67,67,67,67,67,67,67,67,67,67,67,67,67,67,67,67,-1,0,0,0,-1,68,68,68,68,68,68,68,68,68,68,68,68,68,68,68,68,-1,69,69,69,69,69,69,69,69,69,69,69,69,69,69,69,69,69,69,69,-1,0,0,0,0,0
0,0,0,0,0,-1,31,31,31,31,31,31,31,31,31,31,31,31,31,31,31,31,31,-1,30,30,30,30,30,30,30,30,30,30,30,30,30,-1,29,29,29,29,29,29,29,29,29,29,29,29,29,29,29,29,29,-1,0,0,0,0,0,0,0,0,0,0,-1,-1,-1,-1,-1,-1,-1,-1,-1,-1,-1,-1,-1,-1,-1,-1,-1,-1,0,0,0,-1,68,68,68,68,68,68,68,68,68,68,68,68,68,68,68,68,-1,-1,-1,-1,-1,-1,-1,-1,-1,-1,-1,-1,-1,-1,-1,-1,-1,-1,-1,-1,-1,0,0,0,0,0
0,0,0,0,0,-1,31,31,31,31,31,31,31,31,31,31,31,31,31,31,31,31,31,-1,-1,-1,-1,-1,-1,-1,-1,-1,-1,-1,-1,-1,-1,-1,-1,-1,-1,-1,-1,-1,-1,-1,-1,-1,-1,-1,-1,-1,-1,-1,-1,-1,0,0,0,0,0,0,0,0,0,0,0,0,0,0,0,0,0,0,0,0,0,0,0,0,0,0,0,0,0,0,0,-1,68,68,68,68,68,68,68,68,68,68,68,68,68,68,68,68,-1,0,0,0,0,0,0,0,0,0,0,0,0,0,0,0,0,0,0,0,0,0,0,0,0,0
0,0,0,0,0,-1,-1,-1,-1,-1,-1,-1,-1,-1,-1,-1,-1,-1,-1,-1,-1,-1,-1,-1,0,0,0,0,0,0,0,0,0,0,0,0,0,0,0,0,0,0,0,0,0,0,0,0,0,0,0,0,0,0,0,0,0,0,0,0,0,0,0,0,0,0,0,0,0,0,0,0,0,0,0,0,0,0,0,0,0,0,0,0,0,0,0,-1,-1,-1,-1,-1,-1,-1,-1,-1,-1,-1,-1,-1,-1,-1,-1,-1,-1,0,0,0,0,0,0,0,0,0,0,0,0,0,0,0,0,0,0,0,0,0,0,0,0,0
0,0,0,0,0,0,0,0,0,0,0,0,0,0,0,0,0,0,0,0,0,0,0,0,0,0,0,0,0,0,0,0,0,0,0,0,0,0,0,0,0,0,0,0,0,0,0,0,0,0,0,0,0,0,0,0,0,0,0,0,0,0,0,0,0,0,0,0,0,0,0,0,0,0,0,0,0,0,0,0,0,0,0,0,0,0,0,0,0,0,0,0,0,0,0,0,0,0,0,0,0,0,0,0,0,0,0,0,0,0,0,0,0,0,0,0,0,0,0,0,0,0,0,0,0,0,0,0,0,0
0,0,0,0,0,0,0,0,0,0,0,0,0,0,0,0,0,0,0,0,0,0,0,0,0,0,0,0,0,0,0,0,0,0,0,0,0,0,0,0,0,0,0,0,0,0,0,0,0,0,0,0,0,0,0,0,0,0,0,0,0,0,0,0,0,0,0,0,0,0,0,0,0,0,0,0,0,0,0,0,0,0,0,0,0,0,0,0,0,0,0,0,0,0,0,0,0,0,0,0,0,0,0,0,0,0,0,0,0,0,0,0,0,0,0,0,0,0,0,0,0,0,0,0,0,0,0,0,0,0
0,0,0,0,0,0,0,0,0,0,0,0,0,0,0,0,0,0,0,0,0,0,0,0,0,0,0,0,0,0,0,0,0,0,0,0,0,0,0,0,0,0,0,0,0,0,0,0,0,0,0,0,0,0,0,0,0,0,0,0,0,0,0,0,0,0,0,0,0,0,0,0,0,0,0,0,0,0,0,0,0,0,0,0,0,0,0,0,0,0,0,0,0,0,0,0,0,0,0,0,0,0,0,0,0,0,0,0,0,0,0,0,0,0,0,0,0,0,0,0,0,0,0,0,0,0,0,0,0,0
0,0,0,0,0,0,0,0,0,0,0,0,0,0,0,0,0,0,0,0,0,0,0,0,0,0,0,0,0,0,0,0,0,0,0,0,0,0,0,0,0,0,0,0,0,0,0,0,0,0,0,0,0,0,0,0,0,0,0,0,0,0,0,0,0,0,0,0,0,0,0,0,0,0,0,0,0,0,0,0,0,0,0,0,0,0,0,0,0,0,0,0,0,0,0,0,0,0,0,0,0,0,0,0,0,0,0,0,0,0,0,0,0,0,0,0,0,0,0,0,0,0,0,0,0,0,0,0,0,0
